crop_name,model_name,target,R2,MAE,MedAE,RMSE,MAPE,sMAPE
Barley (Rainfed),Extra Trees,recommended_n,0.9989626197269277,0.09066890079841546,0.011019999999838603,0.3417179511801613,0.16613550417435727,0.16501411664040755
Barley (Rainfed),Extra Trees,recommended_p2o5,0.9998489972043293,0.07868802280513562,0.012110000000005172,0.24096083265179374,209559407.88620368,27.88357730355056
Barley (Rainfed),Extra Trees,recommended_k2o,0.9997148618883941,0.16730864766273146,3.979039320256561e-12,0.5499345862795817,646206249.7370734,73.78375633491599
Barley (Rainfed),Extra Trees,OVERALL,0.999508826273217,0.11222185708876085,0.007710000001274271,0.37753779003717886,285255219.2631375,33.944115918368986
Barley (Rainfed),LightGBM,recommended_n,0.9999508718012293,0.015692861747846912,0.00047443456058715583,0.07436425338729938,0.03046802452807375,0.030501827573564406
Barley (Rainfed),LightGBM,recommended_p2o5,0.9999722936205414,0.048497009363537125,0.0050385816368509525,0.10321524558527663,5115280.985945013,62.54752704729538
Barley (Rainfed),LightGBM,recommended_k2o,0.9999130356829579,0.05644874330398547,0.0005873827210397921,0.30370640065055776,25326214.399843708,158.70660532009435
Barley (Rainfed),LightGBM,OVERALL,0.9999454003682429,0.040212871471789834,0.0020334663061593,0.16042863320771125,10147165.138752248,73.76154473165444
Barley (Rainfed),CatBoost,recommended_n,0.9998390567576085,0.059698397551031734,0.028910696094698096,0.1345969362691978,0.11652060501955268,0.11631684043106987
Barley (Rainfed),CatBoost,recommended_p2o5,0.9999647339537419,0.06492272483339698,0.02609753128795056,0.11644808414130267,45841489.22225616,62.68448862263747
Barley (Rainfed),CatBoost,recommended_k2o,0.9998507603978999,0.08911045394280383,0.012777103372249243,0.3978555682973043,116631385.1808154,158.86190410370216
Barley (Rainfed),CatBoost,OVERALL,0.9998848503697501,0.07124385877574418,0.022595110251632633,0.2163001962359349,54157624.83986405,73.88756985559023
Barley (Rainfed),Random Forest,recommended_n,0.9982428514333823,0.11552202280518749,0.0071900000001434705,0.44473677506973575,0.21329032059838526,0.21071491977604848
Barley (Rainfed),Random Forest,recommended_p2o5,0.9996703596559485,0.11018449486898309,0.005619999999999444,0.3560197908076246,76743193.77521312,15.863155998729692
Barley (Rainfed),Random Forest,recommended_k2o,0.9997645558641165,0.10681685974915264,0.0,0.499720698728174,110418268.03791481,34.16072723388699
Barley (Rainfed),Random Forest,OVERALL,0.9992259223178158,0.1108411258077744,0.0042700000000476385,0.4334924215351781,62387154.00880609,16.744866050797576
Barley (Rainfed),XGBoost,recommended_n,0.9997976665374716,0.036336039013574496,0.0018070983886708802,0.1509150868822736,0.07683826597959566,0.07729718594830073
Barley (Rainfed),XGBoost,recommended_p2o5,0.9999613888153577,0.054598496937499436,0.006543273925780468,0.12184578901249032,9672969.47055738,62.72349864159415
Barley (Rainfed),XGBoost,recommended_k2o,0.9998257103115794,0.08248623720343103,0.0019096978357993066,0.42995128003414834,26874840.12632911,158.8648663195091
Barley (Rainfed),XGBoost,OVERALL,0.9998615885548029,0.05780692438483498,0.003420023383416885,0.23423738530963742,12182603.224574918,73.88855404901719
Barley (Rainfed),Linear Regression,recommended_n,0.9886600643040914,0.7500219166139758,0.552405427362153,1.1298065733322238,1.4374378039305296,1.475602866426307
Barley (Rainfed),Linear Regression,recommended_p2o5,0.5941664859121476,10.429702676540638,8.326180803840696,12.491883220135795,39756585533.27818,87.9433691369309
Barley (Rainfed),Linear Regression,recommended_k2o,0.846536203267364,8.255666776624448,5.884359342974676,12.758110777575123,52077463784.47262,169.80823329523074
Barley (Rainfed),Linear Regression,OVERALL,0.8097875844945343,6.478463789926354,4.920981858059175,8.79326685701438,30611349773.062744,86.40906843286264
Barley (Rainfed),Ridge,recommended_n,0.9886598492294709,0.750104434270266,0.5525004511714329,1.1298172873069,1.4375337273041644,1.475682162427297
Barley (Rainfed),Ridge,recommended_p2o5,0.5941665153370581,10.42967237973672,8.326475037002835,12.491882767274536,39755608018.90657,87.94353181528622
Barley (Rainfed),Ridge,recommended_k2o,0.8465358518958221,8.255890502351422,5.884187902545671,12.758125383086599,52078654532.7671,169.8081090518919
Barley (Rainfed),Ridge,OVERALL,0.8097874054874504,6.47855577211947,4.921054463573313,8.793275145889345,30611420851.037067,86.40910767653514
Barley (Rainfed),Elastic Net,recommended_n,0.9876681456784331,0.8442551832947768,0.6240515906335062,1.178183656731263,1.560908265196782,1.5861263231003013
Barley (Rainfed),Elastic Net,recommended_p2o5,0.5938073775504182,10.406596752376723,8.19262721562799,12.49740882070488,38872907935.44933,88.09333130339712
Barley (Rainfed),Elastic Net,recommended_k2o,0.8458385140925605,8.447530064440748,6.177232544045701,12.787078853670625,52975904866.183105,169.72072753692467
Barley (Rainfed),Elastic Net,OVERALL,0.8091046791071372,6.566127333370749,4.997970450102399,8.820890443702256,30616270934.39778,86.46672838780735
Barley (Rainfed),AdaBoost,recommended_n,0.9940779122644741,0.6089886305705678,0.351018781245223,0.8164624574702222,1.0998785352514335,1.1009042157363769
Barley (Rainfed),AdaBoost,recommended_p2o5,0.9976513100858662,0.8211709678441386,0.8697061474670943,0.9503132896665732,2705311714.6904736,66.26509521811002
Barley (Rainfed),AdaBoost,recommended_k2o,0.9993620315814818,0.6942919078250306,0.5383198912550982,0.8225891742402243,4261750292.5140834,160.61475276302957
Barley (Rainfed),AdaBoost,OVERALL,0.9970304179772741,0.7081505020799123,0.5863482733224719,0.8631216404590066,2322354002.768145,75.99358406562533
Maize (Grain),Extra Trees,recommended_n,0.7266750981159515,1.4364156666666381,0.538510000000187,2.962255391498087,1.568537462820627,1.522823174594924
Maize (Grain),Extra Trees,recommended_p2o5,0.9244642338495366,2.7468959999999965,0.3669300000000142,5.560794619494597,4164630014.182926,26.24797639217396
Maize (Grain),Extra Trees,recommended_k2o,0.9571747863061649,2.5393216666667002,1.2522800000000003,5.644659104909136,16274880002.543423,115.91351874169007
Maize (Grain),Extra Trees,OVERALL,0.8694380394238843,2.240877777777778,0.7192400000000672,4.722569705300606,6813170006.098296,47.894772769486316
Maize (Grain),LightGBM,recommended_n,0.8896688774632946,0.8841873276573312,0.3367776764507582,1.8820532914332218,0.9606202783879836,0.9415428398998152
Maize (Grain),LightGBM,recommended_p2o5,0.9842587758616027,1.1141630775093698,0.3060757477734377,2.5385153124411755,566250243.355318,28.514870612853077
Maize (Grain),LightGBM,recommended_k2o,0.9235263054533968,3.545326305465612,0.9052720055427882,7.5429978786617555,9072276879.880943,147.13044391801105
Maize (Grain),LightGBM,OVERALL,0.9324846529260981,1.8478922368774378,0.516041809922328,3.987855494178717,3212842374.732294,58.862285790254646
Maize (Grain),CatBoost,recommended_n,0.9109915707737495,0.5361907593184942,0.15952642151182772,1.6904349630989721,0.6051937829101075,0.5852343559930939
Maize (Grain),CatBoost,recommended_p2o5,0.973274511542525,1.591543137831194,0.4093468979143964,3.3076790438326404,5227113715.34643,27.841568937319007
Maize (Grain),CatBoost,recommended_k2o,0.9922370091851823,1.263171207463845,0.439405361257001,2.4032695601436624,5580856404.028924,144.6041409646921
Maize (Grain),CatBoost,OVERALL,0.9588343638338189,1.1303017015378443,0.336092893561075,2.4671278556917584,3602656706.660183,57.67698141933474
Maize (Grain),Random Forest,recommended_n,0.6316141134173227,1.6762756666665568,0.6629400000001553,3.4390175319383607,1.8038478846518717,1.7585557603614557
Maize (Grain),Random Forest,recommended_p2o5,0.9660247193343418,1.9060540000000272,0.5752200000001118,3.729426586718148,3190410007.587243,26.113954946255298
Maize (Grain),Random Forest,recommended_k2o,0.9861576053408149,1.3114436666666847,0.31394999999999995,3.209176203309332,2568930002.601559,112.97874250833695
Maize (Grain),Random Forest,OVERALL,0.8612654793641598,1.631257777777756,0.517370000000089,3.4592067739886136,1919780003.99755,46.9504177383179
Maize (Grain),XGBoost,recommended_n,0.9720496547611127,0.1828430582682297,7.659912109403422e-05,0.9472758957646502,0.21958455470874627,0.21228609955788333
Maize (Grain),XGBoost,recommended_p2o5,0.9948624083113826,0.46910962791107214,0.008371755946427584,1.4502415003921472,2984528.8506456986,25.569074508614527
Maize (Grain),XGBoost,recommended_k2o,0.9952183803596643,0.5044227232983414,4.3379546696087345e-05,1.8861466773715827,310888.1870595395,144.57904981248524
Maize (Grain),XGBoost,OVERALL,0.9873768144773866,0.385458469825881,0.002830578204739235,1.4278880245094598,1098472.4190965977,56.786803473552546
Maize (Grain),Linear Regression,recommended_n,0.9825455170474553,0.35759202141431246,0.15262281931939015,0.748576850134012,0.3833347508119044,0.38438615682420696
Maize (Grain),Linear Regression,recommended_p2o5,0.2996229427160303,13.040539613498698,9.350604407329591,16.932710824420013,40229707943.3914,49.00291462976958
Maize (Grain),Linear Regression,recommended_k2o,0.3892791947373212,14.886427821942267,11.940783494226244,21.31617648003499,92091480718.57281,156.09240254016495
Maize (Grain),Linear Regression,OVERALL,0.5571492181669355,9.428186485618426,7.1480035736250755,12.999154718196337,44107062887.44918,68.49323444225291
Maize (Grain),Ridge,recommended_n,0.9825338345258972,0.3690811494309642,0.17103294831425586,0.7488273245356851,0.393817264158678,0.39470226467748903
Maize (Grain),Ridge,recommended_p2o5,0.30097258998960486,13.046679737666144,9.368593847288565,16.916388040090503,40022767573.07596,49.05567145003969
Maize (Grain),Ridge,recommended_k2o,0.39029538988677814,14.886934989115103,12.15664789318351,21.29843481051146,92004670755.48747,156.1012004129808
Maize (Grain),Ridge,OVERALL,0.5579339381340933,9.434231958737405,7.232091562928777,12.987883391712549,44009146109.65241,68.51719137589933
Maize (Grain),Elastic Net,recommended_n,0.9816771093336262,0.4220160369914517,0.2586939725180315,0.7669726779175167,0.4419545788586568,0.4422803889603218
Maize (Grain),Elastic Net,recommended_p2o5,0.3121533679480054,13.056163184314398,9.47819064375824,16.780555888639437,38885409602.63213,49.306672804438826
Maize (Grain),Elastic Net,recommended_k2o,0.39597873919449356,14.878601719046419,12.375211106348829,21.19893593175043,91509157206.05762,156.13537205064648
Maize (Grain),Elastic Net,OVERALL,0.563269738825375,9.452260313450756,7.370698574208366,12.915488166102461,43464855603.04391,68.62810841468188
Maize (Grain),AdaBoost,recommended_n,0.9556227504625157,0.4782476015933578,0.29881340579710525,1.1936117597589886,0.5345549132303908,0.5248398855432044
Maize (Grain),AdaBoost,recommended_p2o5,0.9877865084350131,1.2014353710288017,0.8757935260842231,2.236044562401784,1645217394.5260434,26.672741239102237
Maize (Grain),AdaBoost,recommended_k2o,0.9975814487368114,0.5820284307447523,0.18559701492537314,1.3414225354935214,1330111941.4725206,144.57759523439
Maize (Grain),AdaBoost,OVERALL,0.9803302358781134,0.7539038011223038,0.45340131560223385,1.5903596192180978,991776445.5110397,57.25839211967848
Maize (Silage),Extra Trees,recommended_n,0.8193222948931789,1.1454984905661199,0.4953999999998757,2.1300294715243857,0.7810475511723496,0.7769747106490669
Maize (Silage),Extra Trees,recommended_p2o5,0.927674167896029,3.7087901886792545,0.40091999999998507,8.552707557081904,17812539627.86825,34.6649494974131
Maize (Silage),Extra Trees,recommended_k2o,0.990406451453351,2.044473584905634,0.55326,3.882623184627103,5136128306.692503,98.94156943471384
Maize (Silage),Extra Trees,OVERALL,0.912467638080853,2.2995874213836696,0.4831933333332869,4.855120071077798,7649555978.4472685,44.79449788092533
Maize (Silage),LightGBM,recommended_n,0.9533463364214411,0.7320402317014708,0.5098366188247496,1.0823711460495564,0.48998179307343254,0.489891821570897
Maize (Silage),LightGBM,recommended_p2o5,0.998267319872487,0.7843989558320906,0.4971993810843429,1.3237808682072636,874049673.2798225,35.39633353239624
Maize (Silage),LightGBM,recommended_k2o,0.9841710418700504,2.4077016245223746,0.7732724500289088,4.98725724524632,5958387344.835844,139.02363837170319
Maize (Silage),LightGBM,OVERALL,0.9785948993879928,1.3080469373519785,0.5934361499793338,2.4644697531677133,2277479006.201883,58.303287908556776
Maize (Silage),CatBoost,recommended_n,0.9921907250576082,0.24723061611870648,0.10199213345367752,0.4428316838094153,0.1670141548446805,0.16707384291384117
Maize (Silage),CatBoost,recommended_p2o5,0.990391950475171,1.5828524429329904,0.49776568935151033,3.1172707141568723,7832138508.393565,35.62109811220558
Maize (Silage),CatBoost,recommended_k2o,0.9913585225116374,1.562677116417309,0.482669339347094,3.6849330879305064,2846674531.3596487,134.79648170222475
Maize (Silage),CatBoost,OVERALL,0.9913137326814723,1.1309200584896686,0.36080905405076064,2.415011828632265,3559604346.6400757,56.86155121911472
Maize (Silage),Random Forest,recommended_n,0.8024376671607945,1.1860135849056632,0.6549000000002536,2.227334286730525,0.7966189754111036,0.7993196730743226
Maize (Silage),Random Forest,recommended_p2o5,0.9718955489828563,2.097858113207515,0.4031999999999982,5.3314391425799625,12253743398.63174,36.42124283473145
Maize (Silage),Random Forest,recommended_k2o,0.9720923593426877,2.8969218867924718,0.18816000000000005,6.622121822796835,1325237744.3865185,94.49723357628162
Maize (Silage),Random Forest,OVERALL,0.9154751918287795,2.0602645283018837,0.415420000000084,4.726965084035775,4526327047.9382925,43.90593202802913
Maize (Silage),XGBoost,recommended_n,0.9884833861504417,0.16001798809699125,0.00015075683595000555,0.5377689613508693,0.11080030487101908,0.11114755510386733
Maize (Silage),XGBoost,recommended_p2o5,0.9975913367428649,0.5717464421623117,0.00173187255859375,1.5607916999495661,1030258428.2515317,35.30512201943301
Maize (Silage),XGBoost,recommended_k2o,0.9967440445523271,0.7012175194505739,3.3462943974882364e-05,2.2619074530205188,269595.9916632753,134.6237839840857
Maize (Silage),XGBoost,OVERALL,0.9942729224818779,0.47766064990329227,0.0006386974461728793,1.4534893714403179,343509341.45133173,56.68001785287419
Maize (Silage),Linear Regression,recommended_n,0.9925008696763713,0.27797457934104897,0.13286877482414639,0.4339490881667199,0.18843404616133633,0.18838687620765943
Maize (Silage),Linear Regression,recommended_p2o5,0.41292779058913565,19.884323406372793,14.17565569186597,24.36703371519246,70616040651.66307,57.21536809943056
Maize (Silage),Linear Regression,recommended_k2o,0.6228583138033993,19.245841757251725,13.687706875858588,24.34377212120906,93783091903.7764,151.49654584395688
Maize (Silage),Linear Regression,OVERALL,0.6760956580229687,13.136046580988522,9.332077114182901,16.38158497485608,54799710851.87597,69.6334336065317
Maize (Silage),Ridge,recommended_n,0.9925656576741095,0.2855524828282233,0.1511163730108933,0.43207049167696554,0.19320038604976733,0.19314662334636626
Maize (Silage),Ridge,recommended_p2o5,0.415218919396109,19.872981607435726,14.21861227736889,24.31943940938871,70351767067.81494,57.23653440592239
Maize (Silage),Ridge,recommended_k2o,0.6226999575957154,19.229259525017493,13.734783112379546,24.348882379497677,93560105587.22514,151.4937925262043
Maize (Silage),Ridge,OVERALL,0.676828178221978,13.129264538427146,9.368170587586443,16.36679742685445,54637290885.07776,69.64115785182435
Maize (Silage),Elastic Net,recommended_n,0.992719552955788,0.3168665567200521,0.18810389305650688,0.427575048112823,0.21248624106954558,0.21246786144796034
Maize (Silage),Elastic Net,recommended_p2o5,0.4257282025570933,19.815156908181706,14.379388185904233,24.09992257190751,69097715925.63344,57.33167550225392
Maize (Silage),Elastic Net,recommended_k2o,0.6222306451709412,19.13495808186245,13.57768048854436,24.36402110260229,92465614235.35895,151.45414766902215
Maize (Silage),Elastic Net,OVERALL,0.6802261335612741,13.088993848921403,9.381724189168366,16.297172907540872,53854443387.06829,69.66609701090802
Maize (Silage),AdaBoost,recommended_n,0.9877103746550013,0.37107505552760006,0.3027586206895876,0.5555237762253189,0.248331358695199,0.24775293292322517
Maize (Silage),AdaBoost,recommended_p2o5,0.9959891108097895,1.6490863624398122,1.5420000000000158,2.0140824022785884,4090264004.7945457,36.91501993724391
Maize (Silage),AdaBoost,recommended_k2o,0.9961472813601523,1.1396687740161788,0.13879194630872482,2.460476672010041,916550593.7573507,140.3125878314615
Maize (Silage),AdaBoost,OVERALL,0.9932822556083143,1.053276730661197,0.6611835223327761,1.6766942835046492,1668938199.600076,59.158453567209556
Wheat (Irrigated),Extra Trees,recommended_n,0.9963767104488541,0.19015792795893546,0.0173600000011902,0.6321452466984973,0.11642670033933886,0.1162023666690286
Wheat (Irrigated),Extra Trees,recommended_p2o5,0.9999045667097614,0.12530295082014611,0.015079999999201732,0.380061143966606,370403747.82101446,26.0145449680228
Wheat (Irrigated),Extra Trees,recommended_k2o,0.999783663196405,0.2591100368017681,2.5579538487363607e-12,0.8168673188058245,1002323119.2117659,64.09165175045072
Wheat (Irrigated),Extra Trees,OVERALL,0.9986883134516734,0.19152363852694987,0.01081333333431663,0.6096912364903093,457575622.38306904,30.074133028380853
Wheat (Irrigated),LightGBM,recommended_n,0.9999494863603042,0.01646145066752989,0.0005487009358091655,0.07463966593751835,0.009979497649298869,0.009980401800376583
Wheat (Irrigated),LightGBM,recommended_p2o5,0.9999839834492026,0.08751453840129572,0.009344981315400958,0.15569978768633846,11223419.583708124,63.87245644768682
Wheat (Irrigated),LightGBM,recommended_k2o,0.9999484893029417,0.10402844361242614,0.0011424348863329215,0.39859792202656796,36362079.20396941,158.57214486348556
Wheat (Irrigated),LightGBM,OVERALL,0.9999606530374828,0.06933481089375058,0.0036787057125143483,0.20964579188347496,15861832.932552345,74.15152723765759
Wheat (Irrigated),CatBoost,recommended_n,0.9998465287034236,0.05526099669029236,0.02745913423308366,0.13010049141978647,0.034156743188483454,0.03416516536517004
Wheat (Irrigated),CatBoost,recommended_p2o5,0.9999755294373508,0.11366139528702597,0.04078826291580384,0.1924533610909917,68925683.99002235,64.08752297406284
Wheat (Irrigated),CatBoost,recommended_k2o,0.9999217069274795,0.16324148090691945,0.015795092765785057,0.4914145207286023,161396448.69560423,158.77296377096792
Wheat (Irrigated),CatBoost,OVERALL,0.9999145883560846,0.11072129096141259,0.028014163304890854,0.2713227910797935,76774044.23992777,74.29821730346531
Wheat (Irrigated),Random Forest,recommended_n,0.9964404297457781,0.17335242779167928,0.0065800000007527615,0.6265621273660638,0.10567205301781979,0.1054784515121542
Wheat (Irrigated),Random Forest,recommended_p2o5,0.9997997069802856,0.17022537972582055,0.0052999999999922,0.5506002823283065,111803101.02628504,13.415212697796106
Wheat (Irrigated),Random Forest,recommended_k2o,0.9998995602862424,0.1352495840303821,0.0,0.5565946787672573,124113327.46105264,24.214869433377135
Wheat (Irrigated),Random Forest,OVERALL,0.9987132323374354,0.15960913051596062,0.0039600000002483204,0.5779190294872092,78638809.53100324,12.578520194228465
Wheat (Irrigated),XGBoost,recommended_n,0.9998388650122642,0.033949868185299346,0.0015765380859420475,0.13330924877012978,0.021415761531724788,0.02141486713448105
Wheat (Irrigated),XGBoost,recommended_p2o5,0.9999764848576649,0.09636637430356512,0.012385698966681957,0.18865891331415033,21893000.72233568,64.17393755797904
Wheat (Irrigated),XGBoost,recommended_k2o,0.9999164977137047,0.1521034064679508,0.003875131020322442,0.5074993614717731,56467657.38337019,158.79666759432482
Wheat (Irrigated),XGBoost,OVERALL,0.9999106158612112,0.09413988298560509,0.005945789357648816,0.27648917451868443,26120219.37570721,74.33067333981278
Wheat (Irrigated),Linear Regression,recommended_n,0.9888147475469251,0.7493301509172957,0.5529036884002778,1.1106782088165201,0.46115673666971313,0.4625085898914723
Wheat (Irrigated),Linear Regression,recommended_p2o5,0.5525978001610478,21.94058748248078,19.73339321319775,26.022713492366325,89242701313.27092,87.32146340923238
Wheat (Irrigated),Linear Regression,recommended_k2o,0.7478846142244298,18.575554952941857,13.162817748646113,27.885985156984553,114402954612.61877,169.9615176861111
Wheat (Irrigated),Linear Regression,OVERALL,0.7630990539774677,13.755157528779977,11.149704883414714,18.3397922860558,67881885308.78361,85.91516322841164
Wheat (Irrigated),Ridge,recommended_n,0.9888144163496554,0.749413583969365,0.5530151376870833,1.1106946523822288,0.46120283698889325,0.46255423329106354
Wheat (Irrigated),Ridge,recommended_p2o5,0.552598033722977,21.94048047355361,19.733941145105476,26.022706699914295,89240311531.28185,87.32164439336553
Wheat (Irrigated),Ridge,recommended_k2o,0.7478850448288938,18.575809465084642,13.162750741484908,27.885961342819495,114404108782.56985,169.96150786614658
Wheat (Irrigated),Ridge,OVERALL,0.7630991649671754,13.755234507535873,11.149902341425822,18.339787565038673,67881473438.1043,85.91523549760105
Wheat (Irrigated),Elastic Net,recommended_n,0.9877520049960571,0.8411669761744223,0.6214360708136439,1.162245454013006,0.5128103566626276,0.5138321165660751
Wheat (Irrigated),Elastic Net,recommended_p2o5,0.5524736253290299,21.851905833424563,19.90594802023753,26.026324495950345,87169802899.028,87.48036943279159
Wheat (Irrigated),Elastic Net,recommended_k2o,0.7479471571847107,18.80416066611643,13.344146968675773,27.882526065754732,115265707467.6523,169.96706357493883
Wheat (Irrigated),Elastic Net,OVERALL,0.7627242625032659,13.832411158571807,11.290510353242317,18.35703200523936,67478503455.73104,85.9870883747655
Wheat (Irrigated),AdaBoost,recommended_n,0.9940039323854203,0.6013619231464439,0.3228672237710839,0.8132023343859737,0.3661224943330328,0.36643826268170276
Wheat (Irrigated),AdaBoost,recommended_p2o5,0.99649960229967,1.663001424400825,0.8789097925719744,2.3017715483802164,1749897017.282015,68.3626610218275
Wheat (Irrigated),AdaBoost,recommended_k2o,0.9994199239295511,1.1238993893681755,0.9218979911296646,1.3376077978465408,7292319005.587792,159.85962887507554
Wheat (Irrigated),AdaBoost,OVERALL,0.9966411528715472,1.1294209123051482,0.7078916691575743,1.484193893537577,3014072007.74531,76.19624271986159
Wheat (Rainfed),Extra Trees,recommended_n,0.9970605128146707,0.15607510483199205,0.01499999999968793,0.5772152994947022,0.13733910649121822,0.13648073852664278
Wheat (Rainfed),Extra Trees,recommended_p2o5,0.9998552397198925,0.11083930492278889,0.014099999999906743,0.36017584281417675,290671536.8212007,25.62589347659972
Wheat (Rainfed),Extra Trees,recommended_k2o,0.9997492274263963,0.2284426230629519,8.242295734817162e-13,0.7281606193829084,857577940.6708336,67.55784859686425
Wheat (Rainfed),Extra Trees,OVERALL,0.9988883266536531,0.16511901093924428,0.009700000000139633,0.5551839205639292,382749825.87645787,31.106740937330205
Wheat (Rainfed),LightGBM,recommended_n,0.9998663658204803,0.017514795483083597,0.00046523641042028885,0.12307244371948266,0.0157584305977587,0.015698248637658646
Wheat (Rainfed),LightGBM,recommended_p2o5,0.9999810550340306,0.07225844258804805,0.009300223843938651,0.13029771163716936,8425160.748720897,62.21429960441637
Wheat (Rainfed),LightGBM,recommended_k2o,0.9999544056161253,0.08354993269388554,0.000830779505672905,0.3104865879594486,29448833.20348357,158.68231233163704
Wheat (Rainfed),LightGBM,OVERALL,0.9999339421568787,0.05777439025500573,0.003532079920010615,0.18795224777203354,12624664.655987633,73.63743672823036
Wheat (Rainfed),CatBoost,recommended_n,0.9996964294840247,0.056533974316224096,0.02756490004840373,0.18549484405682784,0.05061844262470564,0.05062395165411883
Wheat (Rainfed),CatBoost,recommended_p2o5,0.9999717869119924,0.09171353174304336,0.03563358932864347,0.1590066125360359,60927720.65780655,62.418978299858416
Wheat (Rainfed),CatBoost,recommended_k2o,0.9999279606164408,0.12891239229752452,0.01784709181726285,0.3902762856251225,175598685.22412536,158.8355523965621
Wheat (Rainfed),CatBoost,OVERALL,0.999865392337486,0.09238663278559733,0.027015193731436682,0.24492591407266207,78842135.31085011,73.76838488269154
Wheat (Rainfed),Random Forest,recommended_n,0.9960320302779491,0.16460212169609487,0.007639999999533131,0.6706350120410214,0.14455400638384996,0.14322278543120057
Wheat (Rainfed),Random Forest,recommended_p2o5,0.9996344470328132,0.15851736554249282,0.00594,0.57235440604414,95379786.80758026,14.129786689094761
Wheat (Rainfed),Random Forest,recommended_k2o,0.9998735347501344,0.12032339334552809,0.0,0.5170978978988814,119879558.58395737,29.122322643351655
Wheat (Rainfed),Random Forest,OVERALL,0.9985133373536322,0.1478142935280386,0.004526666666511044,0.5866957719946809,71753115.17869721,14.465110705959205
Wheat (Rainfed),XGBoost,recommended_n,0.9995720775589854,0.03524752395198625,0.0014587402343693157,0.22023410782725955,0.0331029387399489,0.03303197468925879
Wheat (Rainfed),XGBoost,recommended_p2o5,0.9999740562739794,0.08028828083686178,0.01088282601907764,0.15247760028601848,17467041.78007688,62.383281751367434
Wheat (Rainfed),XGBoost,recommended_k2o,0.9998718009081679,0.12746825793256766,0.0029064647387713194,0.5206305439720248,44354841.71716423,158.83692818017815
Wheat (Rainfed),XGBoost,OVERALL,0.9998059782470442,0.0810013542404719,0.005082676997406092,0.29778075069510096,20607294.510114685,73.75108063541161
Wheat (Rainfed),Linear Regression,recommended_n,0.987622023403522,0.7524235024750363,0.545501673127248,1.1844776675904503,0.6638166388082457,0.668666309051632
Wheat (Rainfed),Linear Regression,recommended_p2o5,0.5653297194617436,16.599952457765667,14.306998378012048,19.73648675213751,64232803349.27245,86.74578797488476
Wheat (Rainfed),Linear Regression,recommended_k2o,0.7869146832556442,13.987975800083978,9.539685061458748,21.225793329570138,86201163480.30112,169.83283315696735
Wheat (Rainfed),Linear Regression,OVERALL,0.7799554753736366,10.446783920108226,8.130728370866015,14.048919249766032,50144655610.07913,85.74909581363458
Wheat (Rainfed),Ridge,recommended_n,0.9876221451546995,0.7525037501113098,0.5455586978097955,1.1844718422479856,0.6638749978038061,0.6687230396861165
Wheat (Rainfed),Ridge,recommended_p2o5,0.5653296736311794,16.599885946419057,14.306710031790827,19.736487792620768,64231078267.73203,86.74597468885652
Wheat (Rainfed),Ridge,recommended_k2o,0.7869145668604428,13.98821800092969,9.540433214111648,21.22579912673202,86202301877.07925,169.83281933888864
Wheat (Rainfed),Ridge,OVERALL,0.7799554618821073,10.446869232486685,8.13090064790409,14.04891958720026,50144460048.49172,85.74917235581042
Wheat (Rainfed),Elastic Net,recommended_n,0.9869134916700655,0.8451199069250303,0.6061524243371252,1.2179064800698152,0.7341381913535387,0.7377500788849826
Wheat (Rainfed),Elastic Net,recommended_p2o5,0.5650121445790484,16.544644348023343,14.340338570476913,19.743695282753205,62714060640.28275,86.90980865274574
Wheat (Rainfed),Elastic Net,recommended_k2o,0.7864718380594133,14.212611161558806,10.013495281897116,21.247838166033382,87091254876.90247,169.8421006122678
Wheat (Rainfed),Elastic Net,OVERALL,0.7794658247695091,10.534125138835726,8.319995425570385,14.0698133096188,49935105172.63979,85.82988644796619
Wheat (Rainfed),AdaBoost,recommended_n,0.9943113314478456,0.5946204261514596,0.3727547966884117,0.8029848722329046,0.5136919508815857,0.5142021114907647
Wheat (Rainfed),AdaBoost,recommended_p2o5,0.9966703420234455,1.357604674306007,0.9338702314966056,1.7273871564031154,1554621304.3175802,67.07295001978395
Wheat (Rainfed),AdaBoost,recommended_k2o,0.9994460580172481,0.8913628666853385,0.7037700380578938,1.082229354641902,5572582036.911114,159.98065000818792
Wheat (Rainfed),AdaBoost,OVERALL,0.996809243829513,0.9478626557142684,0.6701316887476371,1.2042004610926407,2375734447.247462,75.85593404648755